Receiving Committee,date,total
Baker,2021-10-13,320.21
Baker,2021-10-14,350
Baker,2021-10-15,470
Baker,2021-10-16,400
Baker,2021-10-17,70
Baker,2021-10-20,550
Baker,2021-10-21,3701
Baker,2021-10-22,660
Baker,2021-10-23,1050
Baker,2021-10-24,100
Baker,2021-10-25,1190
Baker,2021-10-26,85
Baker,2021-10-27,1595
Baker,2021-10-28,3090
Baker,2021-10-29,2275
Baker,2021-10-30,2390
Baker,2021-10-31,1435
Baker,2021-11-01,1275
Baker,2021-11-02,50
Baker,2021-11-03,795
Baker,2021-11-04,725
Baker,2021-11-05,1338
Baker,2021-11-06,1220
Baker,2021-11-07,750
Baker,2021-11-08,500
Baker,2021-11-09,1480
Baker,2021-11-10,1195
Baker,2021-11-11,1190
Baker,2021-11-12,620
Baker,2021-11-13,1810
Baker,2021-11-14,2170
Baker,2021-11-15,2025
Baker,2021-11-16,2910
Baker,2021-11-17,1375
Baker,2021-11-18,1860
Baker,2021-11-19,820
Baker,2021-11-20,2000
Baker,2021-11-21,940
Baker,2021-11-22,2028
Baker,2021-11-23,4565
Baker,2021-11-24,1370
Baker,2021-11-25,100
Baker,2021-11-26,600
Baker,2021-11-27,1200
Baker,2021-11-28,575
Baker,2021-11-29,1870
Baker,2021-11-30,2270
Baker,2021-12-01,1110
Baker,2021-12-02,1851
Baker,2021-12-03,1715
Baker,2021-12-04,3740
Baker,2021-12-05,225
Baker,2021-12-06,2405
Baker,2021-12-07,3892
Baker,2021-12-08,4585
Baker,2021-12-09,1735
Baker,2021-12-10,3020
Baker,2021-12-11,225
Baker,2021-12-12,110
Baker,2021-12-13,2575
Baker,2021-12-14,1980
Baker,2021-12-15,2457
Baker,2021-12-16,2565
Baker,2021-12-17,1185
Baker,2021-12-18,300
Baker,2021-12-19,300
Baker,2021-12-20,5
Baker,2021-12-21,650
Baker,2021-12-22,565
Baker,2021-12-23,100
Baker,2021-12-24,91
Baker,2021-12-25,250
Baker,2021-12-26,280
Baker,2021-12-27,150
Baker,2021-12-28,351
Baker,2021-12-29,6659
Baker,2021-12-30,1165
Baker,2021-12-31,3965
Baker,2022-01-01,545
Baker,2022-01-02,5
Baker,2022-01-03,400
Baker,2022-01-04,505
Baker,2022-01-05,1865
Baker,2022-01-06,2550
Baker,2022-01-07,450
Baker,2022-01-08,845
Baker,2022-01-09,790
Baker,2022-01-10,2446
Baker,2022-01-11,2400
Baker,2022-01-12,4500
Franchot,2021-04-13,1138.85
Franchot,2021-04-14,510
Franchot,2021-04-15,1221.08
Franchot,2021-04-16,2500
Franchot,2021-04-17,1000
Franchot,2021-04-18,50
Franchot,2021-04-19,2220.22
Franchot,2021-04-20,741.8
Franchot,2021-04-21,1000
Franchot,2021-04-22,1376.32
Franchot,2021-04-23,50
Franchot,2021-04-25,220.22
Franchot,2021-04-26,150
Franchot,2021-04-27,13704
Franchot,2021-04-30,1100
Franchot,2021-05-02,83.48
Franchot,2021-05-03,20580.22
Franchot,2021-05-04,560.44
Franchot,2021-05-05,110.44
Franchot,2021-05-06,6145.44
Franchot,2021-05-07,279.3
Franchot,2021-05-08,50.44
Franchot,2021-05-10,6581.26
Franchot,2021-05-11,3030.22
Franchot,2021-05-12,508.25
Franchot,2021-05-13,1000
Franchot,2021-05-14,20.22
Franchot,2021-05-16,796.51
Franchot,2021-05-17,1000
Franchot,2021-05-18,895
Franchot,2021-05-19,2588.75
Franchot,2021-05-20,270.22
Franchot,2021-05-21,1392.43
Franchot,2021-05-22,6040.44
Franchot,2021-05-23,6325.22
Franchot,2021-05-24,5500
Franchot,2021-05-25,10
Franchot,2021-05-26,115.44
Franchot,2021-05-27,4025
Franchot,2021-05-28,85.22
Franchot,2021-05-29,2015
Franchot,2021-05-30,325.22
Franchot,2021-05-31,4810.44
Franchot,2021-06-01,32500
Franchot,2021-06-02,500
Franchot,2021-06-03,250
Franchot,2021-06-05,2500
Franchot,2021-06-06,50.44
Franchot,2021-06-07,3000
Franchot,2021-06-08,1825.22
Franchot,2021-06-09,1150
Franchot,2021-06-10,4856
Franchot,2021-06-13,500
Franchot,2021-06-14,2500
Franchot,2021-06-16,1100
Franchot,2021-06-19,100
Franchot,2021-06-21,19975.22
Franchot,2021-06-22,3270.22
Franchot,2021-06-23,30
Franchot,2021-06-25,500
Franchot,2021-06-27,1020.22
Franchot,2021-06-28,34700
Franchot,2021-06-29,5002
Franchot,2021-06-30,6181.22
Franchot,2021-07-01,20.22
Franchot,2021-07-02,750
Franchot,2021-07-03,1008.3
Franchot,2021-07-06,17350
Franchot,2021-07-07,540.22
Franchot,2021-07-08,1350
Franchot,2021-07-09,8320.22
Franchot,2021-07-11,6000
Franchot,2021-07-13,7750
Franchot,2021-07-14,23650
Franchot,2021-07-16,1500
Franchot,2021-07-17,1012.08
Franchot,2021-07-18,1000
Franchot,2021-07-19,6650
Franchot,2021-07-20,1250
Franchot,2021-07-21,100
Franchot,2021-07-22,1100
Franchot,2021-07-23,6800
Franchot,2021-07-24,42.22
Franchot,2021-07-27,6500
Franchot,2021-07-28,153
Franchot,2021-07-29,5010
Franchot,2021-07-30,5260
Franchot,2021-07-31,1120.66
Franchot,2021-08-01,2510
Franchot,2021-08-02,1100
Franchot,2021-08-03,6000
Franchot,2021-08-04,5004
Franchot,2021-08-06,500
Franchot,2021-08-07,10
Franchot,2021-08-08,38.239999999999995
Franchot,2021-08-09,25
Franchot,2021-08-10,51350
Franchot,2021-08-11,3750
Franchot,2021-08-12,1000
Franchot,2021-08-13,4750
Franchot,2021-08-16,750
Franchot,2021-08-17,4401
Franchot,2021-08-18,4250
Franchot,2021-08-19,4810.5599999999995
Franchot,2021-08-21,601
Franchot,2021-08-22,200
Franchot,2021-08-23,250
Franchot,2021-08-24,1290.44
Franchot,2021-08-25,1030.22
Franchot,2021-08-26,2025
Franchot,2021-08-27,5410
Franchot,2021-08-29,1000
Franchot,2021-08-30,20780.22
Franchot,2021-08-31,2920.22
Franchot,2021-09-01,300
Franchot,2021-09-02,13000
Franchot,2021-09-03,200
Franchot,2021-09-04,170
Franchot,2021-09-05,10
Franchot,2021-09-07,7700.44
Franchot,2021-09-08,1430.22
Franchot,2021-09-09,800
Franchot,2021-09-10,1610.22
Franchot,2021-09-11,500
Franchot,2021-09-12,1500
Franchot,2021-09-13,300
Franchot,2021-09-14,1050
Franchot,2021-09-15,2000
Franchot,2021-09-16,1750
Franchot,2021-09-17,440.44
Franchot,2021-09-18,5600
Franchot,2021-09-19,3915
Franchot,2021-09-20,3955
Franchot,2021-09-21,15430
Franchot,2021-09-22,3751
Franchot,2021-09-23,3021.97
Franchot,2021-09-24,3220.22
Franchot,2021-09-25,2350
Franchot,2021-09-26,1620.22
Franchot,2021-09-27,26440.44
Franchot,2021-09-28,30000
Franchot,2021-09-29,11617
Franchot,2021-09-30,5373.88
Franchot,2021-10-01,15799
Franchot,2021-10-03,6010
Franchot,2021-10-04,33145.22
Franchot,2021-10-05,31135
Franchot,2021-10-06,22610.22
Franchot,2021-10-07,12750
Franchot,2021-10-08,1910
Franchot,2021-10-09,1510
Franchot,2021-10-10,6105
Franchot,2021-10-12,17120.22
Franchot,2021-10-13,1500
Franchot,2021-10-14,19920.22
Franchot,2021-10-15,115
Franchot,2021-10-16,1005
Franchot,2021-10-17,250
Franchot,2021-10-18,30400
Franchot,2021-10-19,1584
Franchot,2021-10-20,700
Franchot,2021-10-21,600
Franchot,2021-10-22,42384
Franchot,2021-10-23,380.22
Franchot,2021-10-24,1750
Franchot,2021-10-25,16990.44
Franchot,2021-10-26,600
Franchot,2021-10-27,1010.44
Franchot,2021-10-28,4670.22
Franchot,2021-10-29,4709.91
Franchot,2021-10-31,2646.1
Franchot,2021-11-02,8240.22
Franchot,2021-11-03,11050
Franchot,2021-11-04,27500
Franchot,2021-11-05,3260
Franchot,2021-11-06,4250
Franchot,2021-11-07,15
Franchot,2021-11-08,56235
Franchot,2021-11-09,4600
Franchot,2021-11-10,37770.22
Franchot,2021-11-11,1850
Franchot,2021-11-12,8320.44
Franchot,2021-11-13,350
Franchot,2021-11-14,500
Franchot,2021-11-15,21287.23
Franchot,2021-11-16,6250
Franchot,2021-11-17,5001.22
Franchot,2021-11-18,2500
Franchot,2021-11-19,3050
Franchot,2021-11-20,50
Franchot,2021-11-21,120.22
Franchot,2021-11-22,372.88
Franchot,2021-11-23,421.22
Franchot,2021-11-24,18030.22
Franchot,2021-11-25,8800
Franchot,2021-11-27,30.22
Franchot,2021-11-28,500
Franchot,2021-11-29,6000
Franchot,2021-11-30,5016.1
Franchot,2021-12-01,22468
Franchot,2021-12-02,5770.22
Franchot,2021-12-04,1500
Franchot,2021-12-05,200
Franchot,2021-12-06,6620.22
Franchot,2021-12-07,1260
Franchot,2021-12-08,709.09
Franchot,2021-12-09,1110
Franchot,2021-12-10,23955
Franchot,2021-12-11,350
Franchot,2021-12-12,250
Franchot,2021-12-13,680.22
Franchot,2021-12-14,2500
Franchot,2021-12-15,730.22
Franchot,2021-12-16,8200
Franchot,2021-12-17,5
Franchot,2021-12-18,350
Franchot,2021-12-19,481.87
Franchot,2021-12-20,16010
Franchot,2021-12-21,1545.44
Franchot,2021-12-22,15975.44
Franchot,2021-12-23,7720.22
Franchot,2021-12-24,11837
Franchot,2021-12-25,250
Franchot,2021-12-27,8050.44
Franchot,2021-12-28,31585
Franchot,2021-12-29,4310.22
Franchot,2021-12-30,8240.22
Franchot,2021-12-31,5356.03
Franchot,2022-01-01,518
Franchot,2022-01-02,20.22
Franchot,2022-01-03,4350
Franchot,2022-01-04,16300
Franchot,2022-01-05,35700.44
Franchot,2022-01-06,40190
Franchot,2022-01-07,32630.66
Franchot,2022-01-08,6500
Franchot,2022-01-09,16010.66
Franchot,2022-01-10,23480.44
Franchot,2022-01-11,163531.98
Franchot,2022-01-12,12896.44
Gansler,2021-01-22,5500
Gansler,2021-02-05,6400
Gansler,2021-02-09,500
Gansler,2021-05-25,5465
Gansler,2021-05-26,456
Gansler,2021-05-27,2400
Gansler,2021-05-28,2900
Gansler,2021-05-29,2945
Gansler,2021-05-30,725
Gansler,2021-05-31,710
Gansler,2021-06-01,500
Gansler,2021-06-02,700
Gansler,2021-06-03,6935
Gansler,2021-06-04,25
Gansler,2021-06-06,100
Gansler,2021-06-07,55
Gansler,2021-06-08,100
Gansler,2021-06-09,625
Gansler,2021-06-10,10
Gansler,2021-06-11,535
Gansler,2021-06-12,45
Gansler,2021-06-13,13510
Gansler,2021-06-14,5102
Gansler,2021-06-15,50
Gansler,2021-06-16,550
Gansler,2021-06-17,1250
Gansler,2021-06-18,500
Gansler,2021-06-19,300
Gansler,2021-06-20,600
Gansler,2021-06-21,525
Gansler,2021-06-23,1200
Gansler,2021-06-24,2000
Gansler,2021-06-26,25
Gansler,2021-06-27,100
Gansler,2021-06-28,450
Gansler,2021-06-29,528
Gansler,2021-06-30,3710
Gansler,2021-07-01,400
Gansler,2021-07-02,1563.5
Gansler,2021-07-03,40
Gansler,2021-07-04,15845
Gansler,2021-07-05,250
Gansler,2021-07-06,368
Gansler,2021-07-07,100
Gansler,2021-07-08,300
Gansler,2021-07-09,3050
Gansler,2021-07-11,255
Gansler,2021-07-12,45
Gansler,2021-07-13,10430
Gansler,2021-07-15,116
Gansler,2021-07-16,2000
Gansler,2021-07-17,50
Gansler,2021-07-18,500
Gansler,2021-07-20,6500
Gansler,2021-07-21,350
Gansler,2021-07-22,11000
Gansler,2021-07-24,50
Gansler,2021-07-25,150
Gansler,2021-07-26,3300
Gansler,2021-07-27,550
Gansler,2021-07-28,50
Gansler,2021-07-29,280
Gansler,2021-07-30,1250
Gansler,2021-07-31,310
Gansler,2021-08-02,5050
Gansler,2021-08-03,6270
Gansler,2021-08-04,2000
Gansler,2021-08-05,450
Gansler,2021-08-06,6300
Gansler,2021-08-07,2900
Gansler,2021-08-08,100
Gansler,2021-08-10,1000
Gansler,2021-08-11,1000
Gansler,2021-08-12,245
Gansler,2021-08-13,5000
Gansler,2021-08-15,302.5
Gansler,2021-08-16,3000
Gansler,2021-08-17,111
Gansler,2021-08-18,500
Gansler,2021-08-20,1000
Gansler,2021-08-21,100
Gansler,2021-08-22,10
Gansler,2021-08-23,26
Gansler,2021-08-24,258
Gansler,2021-08-25,250
Gansler,2021-08-26,12025
Gansler,2021-08-27,1000
Gansler,2021-08-28,1170
Gansler,2021-08-29,775
Gansler,2021-08-30,155
Gansler,2021-08-31,8960
Gansler,2021-09-01,10
Gansler,2021-09-02,655
Gansler,2021-09-03,6620
Gansler,2021-09-04,250
Gansler,2021-09-05,2076
Gansler,2021-09-07,2900
Gansler,2021-09-09,320
Gansler,2021-09-10,1500
Gansler,2021-09-11,1500
Gansler,2021-09-12,45
Gansler,2021-09-13,1100
Gansler,2021-09-14,3000
Gansler,2021-09-15,2.5
Gansler,2021-09-16,1500
Gansler,2021-09-17,1000
Gansler,2021-09-18,500
Gansler,2021-09-19,2600
Gansler,2021-09-20,2500
Gansler,2021-09-21,8300
Gansler,2021-09-22,6250
Gansler,2021-09-23,7000
Gansler,2021-09-24,1768
Gansler,2021-09-26,525
Gansler,2021-09-27,8193
Gansler,2021-09-28,4150
Gansler,2021-09-29,7211
Gansler,2021-09-30,6480
Gansler,2021-10-01,50
Gansler,2021-10-02,1375
Gansler,2021-10-03,3670
Gansler,2021-10-04,1700
Gansler,2021-10-05,2150
Gansler,2021-10-06,2000
Gansler,2021-10-07,250
Gansler,2021-10-08,250
Gansler,2021-10-09,760
Gansler,2021-10-10,250
Gansler,2021-10-11,1
Gansler,2021-10-12,555
Gansler,2021-10-13,3500
Gansler,2021-10-14,250
Gansler,2021-10-15,12.5
Gansler,2021-10-16,50
Gansler,2021-10-18,2800
Gansler,2021-10-19,3000
Gansler,2021-10-20,500
Gansler,2021-10-21,125
Gansler,2021-10-22,2000
Gansler,2021-10-24,8
Gansler,2021-10-25,2500
Gansler,2021-10-26,1200
Gansler,2021-10-27,2600
Gansler,2021-10-28,3650
Gansler,2021-10-29,1137
Gansler,2021-10-30,150
Gansler,2021-10-31,5660
Gansler,2021-11-01,650
Gansler,2021-11-02,2650
Gansler,2021-11-03,9520
Gansler,2021-11-04,100
Gansler,2021-11-05,25
Gansler,2021-11-06,3925
Gansler,2021-11-07,1750
Gansler,2021-11-08,500
Gansler,2021-11-09,1260
Gansler,2021-11-10,100
Gansler,2021-11-11,250
Gansler,2021-11-12,1185
Gansler,2021-11-13,5150
Gansler,2021-11-15,602.5
Gansler,2021-11-16,1250
Gansler,2021-11-17,100
Gansler,2021-11-18,6000
Gansler,2021-11-19,1000
Gansler,2021-11-20,43
Gansler,2021-11-21,100
Gansler,2021-11-22,20
Gansler,2021-11-23,1000
Gansler,2021-11-24,10
Gansler,2021-11-26,25
Gansler,2021-11-28,1000
Gansler,2021-11-29,675
Gansler,2021-11-30,610
Gansler,2021-12-01,6025
Gansler,2021-12-02,50
Gansler,2021-12-03,20
Gansler,2021-12-06,600
Gansler,2021-12-07,500
Gansler,2021-12-08,400
Gansler,2021-12-09,1560
Gansler,2021-12-10,1000
Gansler,2021-12-11,6000
Gansler,2021-12-12,35
Gansler,2021-12-14,19050
Gansler,2021-12-15,277.5
Gansler,2021-12-16,8625
Gansler,2021-12-17,100
Gansler,2021-12-20,7000
Gansler,2021-12-21,3100
Gansler,2021-12-22,400
Gansler,2021-12-23,2750
Gansler,2021-12-26,25
Gansler,2021-12-27,225
Gansler,2021-12-28,150
Gansler,2021-12-29,1175
Gansler,2021-12-30,3570
Gansler,2021-12-31,12265
Gansler,2022-01-01,25
Gansler,2022-01-02,50
Gansler,2022-01-03,1520
Gansler,2022-01-04,6675
Gansler,2022-01-05,1300
Gansler,2022-01-06,75
Gansler,2022-01-07,9085
Gansler,2022-01-08,505
Gansler,2022-01-10,7010
Gansler,2022-01-11,15280
Gansler,2022-01-12,43283
King,2021-04-19,64917.18
King,2021-04-20,115768.69
King,2021-04-21,44917.69
King,2021-04-22,17832.66
King,2021-04-23,21030.45
King,2021-04-24,30257.28
King,2021-04-25,15526.45
King,2021-04-26,15301.84
King,2021-04-27,27981
King,2021-04-28,25001
King,2021-04-29,17407.11
King,2021-04-30,26787.02
King,2021-05-01,2534
King,2021-05-02,6532.19
King,2021-05-03,34663.05
King,2021-05-04,11958.1
King,2021-05-05,8462
King,2021-05-06,4271
King,2021-05-07,15735
King,2021-05-08,180
King,2021-05-09,3456.48
King,2021-05-10,5278.32
King,2021-05-11,9745
King,2021-05-12,9925
King,2021-05-13,14148.16
King,2021-05-14,4778.2
King,2021-05-15,3045
King,2021-05-16,955
King,2021-05-17,10120
King,2021-05-18,2412.83
King,2021-05-19,2625
King,2021-05-20,19125
King,2021-05-21,6325
King,2021-05-22,14673.7
King,2021-05-23,2182.7
King,2021-05-24,2947.71
King,2021-05-25,12650
King,2021-05-26,10990
King,2021-05-27,18607
King,2021-05-28,7809.44
King,2021-05-29,2976
King,2021-05-30,3117
King,2021-05-31,11330
King,2021-06-01,11553.45
King,2021-06-02,2641.45
King,2021-06-03,5325
King,2021-06-04,17660
King,2021-06-05,4180
King,2021-06-06,2685
King,2021-06-07,6286.45
King,2021-06-08,5302
King,2021-06-09,8864
King,2021-06-10,4178.45
King,2021-06-11,8280
King,2021-06-12,1300
King,2021-06-13,3000
King,2021-06-14,18106.83
King,2021-06-15,16560
King,2021-06-16,3800
King,2021-06-17,2420
King,2021-06-18,10050
King,2021-06-19,1285
King,2021-06-20,780
King,2021-06-21,2670
King,2021-06-22,855
King,2021-06-23,1986.01
King,2021-06-24,50615
King,2021-06-25,3630
King,2021-06-26,1590
King,2021-06-27,1665
King,2021-06-28,6876
King,2021-06-29,9923
King,2021-06-30,22320.35
King,2021-07-01,3373
King,2021-07-02,2300
King,2021-07-03,10
King,2021-07-04,255
King,2021-07-05,1000
King,2021-07-06,3661
King,2021-07-07,2314.97
King,2021-07-08,105
King,2021-07-09,1028
King,2021-07-10,770
King,2021-07-11,468
King,2021-07-12,1035
King,2021-07-13,8204.34
King,2021-07-14,1048
King,2021-07-15,1600
King,2021-07-16,7018
King,2021-07-17,206
King,2021-07-18,508
King,2021-07-19,2675
King,2021-07-20,1963
King,2021-07-21,6790
King,2021-07-22,1290
King,2021-07-23,188
King,2021-07-24,2976
King,2021-07-25,6090
King,2021-07-26,10700
King,2021-07-27,498
King,2021-07-28,16928.05
King,2021-07-29,4011
King,2021-07-30,7401.9
King,2021-07-31,4519
King,2021-08-01,4374
King,2021-08-02,4180
King,2021-08-03,1575
King,2021-08-04,7060
King,2021-08-05,4475
King,2021-08-06,3430
King,2021-08-07,1560
King,2021-08-08,2173
King,2021-08-09,4290.57
King,2021-08-10,820
King,2021-08-11,428
King,2021-08-12,1349
King,2021-08-13,7942
King,2021-08-14,2055
King,2021-08-15,655
King,2021-08-16,4845
King,2021-08-17,6085.01
King,2021-08-18,1330
King,2021-08-19,1910.18
King,2021-08-20,6211
King,2021-08-21,438
King,2021-08-22,538
King,2021-08-23,555
King,2021-08-24,1520
King,2021-08-25,380
King,2021-08-26,2770
King,2021-08-27,12540.01
King,2021-08-28,2225
King,2021-08-29,3920
King,2021-08-30,2938.32
King,2021-08-31,13672.47
King,2021-09-01,9521.36
King,2021-09-02,9516
King,2021-09-03,776
King,2021-09-04,463.8
King,2021-09-05,3612.5
King,2021-09-06,6392.84
King,2021-09-08,4620
King,2021-09-09,3023
King,2021-09-10,4468.55
King,2021-09-11,4662
King,2021-09-12,460
King,2021-09-13,8482.25
King,2021-09-14,27365
King,2021-09-15,12169.7
King,2021-09-16,6410
King,2021-09-17,14910
King,2021-09-18,5511.3
King,2021-09-19,1652
King,2021-09-20,6585
King,2021-09-21,2967
King,2021-09-22,6120
King,2021-09-23,5672.32
King,2021-09-24,6449.6
King,2021-09-25,2003
King,2021-09-26,14808
King,2021-09-27,18765.25
King,2021-09-28,12001
King,2021-09-29,12351.5
King,2021-09-30,14992.15
King,2021-10-01,6141
King,2021-10-02,1216
King,2021-10-03,2260
King,2021-10-04,11630
King,2021-10-05,7367.85
King,2021-10-06,21995
King,2021-10-07,3818.6
King,2021-10-08,3119
King,2021-10-09,1816
King,2021-10-10,525
King,2021-10-11,2577.6
King,2021-10-12,17441.3
King,2021-10-13,4490.18
King,2021-10-14,4018
King,2021-10-15,10936.32
King,2021-10-16,6175
King,2021-10-17,25
King,2021-10-18,1136
King,2021-10-19,5032.5
King,2021-10-20,2521.4
King,2021-10-21,5111.1
King,2021-10-22,2220.45
King,2021-10-23,16896
King,2021-10-24,3199.4
King,2021-10-25,21401
King,2021-10-26,5448.0599999999995
King,2021-10-27,13953.42
King,2021-10-28,7386.5
King,2021-10-29,4146.12
King,2021-10-30,15728
King,2021-10-31,4050.8
King,2021-11-01,10544.57
King,2021-11-02,1938.5
King,2021-11-03,7280
King,2021-11-04,4785
King,2021-11-05,7465
King,2021-11-06,640
King,2021-11-07,5403.22
King,2021-11-08,15023.45
King,2021-11-09,4773
King,2021-11-10,1335
King,2021-11-11,13197.3
King,2021-11-12,3435
King,2021-11-13,778
King,2021-11-14,5355
King,2021-11-15,25247
King,2021-11-16,8290
King,2021-11-17,13666.3
King,2021-11-18,3886.3
King,2021-11-19,5081.15
King,2021-11-20,3504
King,2021-11-21,975
King,2021-11-22,2245
King,2021-11-23,3136
King,2021-11-24,5051
King,2021-11-25,25
King,2021-11-26,590
King,2021-11-27,6057
King,2021-11-28,1175
King,2021-11-29,6470.5
King,2021-11-30,14633.58
King,2021-12-01,10956.22
King,2021-12-02,7565.89
King,2021-12-03,2205
King,2021-12-04,3785
King,2021-12-05,6025
King,2021-12-06,33846.76
King,2021-12-07,11378.44
King,2021-12-08,19018.04
King,2021-12-09,7588
King,2021-12-10,8855.3
King,2021-12-11,3070.22
King,2021-12-12,776.48
King,2021-12-13,16787.96
King,2021-12-14,11704.38
King,2021-12-15,2936.74
King,2021-12-16,8333
King,2021-12-17,3071.97
King,2021-12-18,4738.82
King,2021-12-19,405
King,2021-12-20,14305.22
King,2021-12-21,3388
King,2021-12-22,10250.95
King,2021-12-23,5105.47
King,2021-12-24,480
King,2021-12-25,65.22
King,2021-12-26,435
King,2021-12-27,4634
King,2021-12-28,16841.42
King,2021-12-29,12148.88
King,2021-12-30,18383.62
King,2021-12-31,14583.57
King,2022-01-01,2170.72
King,2022-01-02,651
King,2022-01-03,15156.04
King,2022-01-04,16684.37
King,2022-01-05,4925.22
King,2022-01-06,7530.22
King,2022-01-07,7428.44
King,2022-01-08,8190.22
King,2022-01-09,8899.22
King,2022-01-10,35496.44
King,2022-01-11,25465.49
King,2022-01-12,48195.57
Moore,2021-05-06,1000
Moore,2021-05-07,6000
Moore,2021-05-08,6000
Moore,2021-05-10,12000
Moore,2021-05-11,2500
Moore,2021-05-12,13500
Moore,2021-05-13,73100
Moore,2021-05-14,600
Moore,2021-05-15,800
Moore,2021-05-16,500
Moore,2021-05-17,18000
Moore,2021-05-18,150
Moore,2021-05-19,46500
Moore,2021-05-20,5000
Moore,2021-05-21,7000
Moore,2021-05-22,27000
Moore,2021-05-24,3000
Moore,2021-05-25,27000
Moore,2021-05-26,6000
Moore,2021-05-27,42500.3
Moore,2021-05-28,5000
Moore,2021-05-29,2500
Moore,2021-05-31,6000
Moore,2021-06-01,25000
Moore,2021-06-02,68000
Moore,2021-06-03,8525
Moore,2021-06-04,8850
Moore,2021-06-05,23350
Moore,2021-06-06,18103
Moore,2021-06-07,114519.5
Moore,2021-06-08,73865
Moore,2021-06-09,66445
Moore,2021-06-10,74785.58
Moore,2021-06-11,38721.13
Moore,2021-06-12,6636
Moore,2021-06-13,21964
Moore,2021-06-14,60943.3
Moore,2021-06-15,17747
Moore,2021-06-16,42987.4
Moore,2021-06-17,6882
Moore,2021-06-18,34618
Moore,2021-06-19,8024
Moore,2021-06-20,16132.5
Moore,2021-06-21,36347.06
Moore,2021-06-22,5626
Moore,2021-06-23,8796
Moore,2021-06-24,24487
Moore,2021-06-25,12627
Moore,2021-06-26,3676
Moore,2021-06-27,886
Moore,2021-06-28,28817
Moore,2021-06-29,13762.19
Moore,2021-06-30,48570.51
Moore,2021-07-01,20996
Moore,2021-07-02,783
Moore,2021-07-03,749
Moore,2021-07-04,3940
Moore,2021-07-05,11625
Moore,2021-07-06,14945.67
Moore,2021-07-07,5798.52
Moore,2021-07-08,5251
Moore,2021-07-09,4849.67
Moore,2021-07-10,446
Moore,2021-07-11,4575.67
Moore,2021-07-12,9876.67
Moore,2021-07-13,9278
Moore,2021-07-14,4389.63
Moore,2021-07-15,4070
Moore,2021-07-16,2861.01
Moore,2021-07-17,5085
Moore,2021-07-18,4383.67
Moore,2021-07-19,8732
Moore,2021-07-20,19313.35
Moore,2021-07-21,19894
Moore,2021-07-22,19075.22
Moore,2021-07-23,19971.17
Moore,2021-07-24,6274.67
Moore,2021-07-25,19786.33
Moore,2021-07-26,23806
Moore,2021-07-27,21278.42
Moore,2021-07-28,16936.5
Moore,2021-07-29,21566
Moore,2021-07-30,3072
Moore,2021-07-31,7093
Moore,2021-08-01,1740
Moore,2021-08-02,15534
Moore,2021-08-03,20648
Moore,2021-08-04,8720.22
Moore,2021-08-05,32796
Moore,2021-08-06,21627
Moore,2021-08-07,8731
Moore,2021-08-08,7263
Moore,2021-08-09,16008.72
Moore,2021-08-10,24918.5
Moore,2021-08-11,19749.97
Moore,2021-08-12,9175.11
Moore,2021-08-13,28109
Moore,2021-08-14,37535.69
Moore,2021-08-15,37791
Moore,2021-08-16,9781.22
Moore,2021-08-17,9426.33
Moore,2021-08-18,14042
Moore,2021-08-19,18153.52
Moore,2021-08-20,4239
Moore,2021-08-21,1531
Moore,2021-08-22,1632
Moore,2021-08-23,18730.17
Moore,2021-08-24,7322.5
Moore,2021-08-25,16219
Moore,2021-08-26,1800
Moore,2021-08-27,6149.5
Moore,2021-08-28,1534.4
Moore,2021-08-29,1665.75
Moore,2021-08-30,21575.67
Moore,2021-08-31,15501.42
Moore,2021-09-01,7662.5
Moore,2021-09-02,22112.38
Moore,2021-09-03,2668.5
Moore,2021-09-04,991.5
Moore,2021-09-05,2246.07
Moore,2021-09-06,3322.5
Moore,2021-09-07,9322
Moore,2021-09-08,8763
Moore,2021-09-09,59902
Moore,2021-09-10,16943.5
Moore,2021-09-11,12119
Moore,2021-09-12,13833.67
Moore,2021-09-13,27335
Moore,2021-09-14,35053
Moore,2021-09-15,25099
Moore,2021-09-16,18895.22
Moore,2021-09-17,23450
Moore,2021-09-18,4451.33
Moore,2021-09-19,6625
Moore,2021-09-20,25524.83
Moore,2021-09-21,18935
Moore,2021-09-22,28265
Moore,2021-09-23,11067.5
Moore,2021-09-24,14196
Moore,2021-09-25,21769.8
Moore,2021-09-26,17342
Moore,2021-09-27,19334
Moore,2021-09-28,15953.5
Moore,2021-09-29,16726.33
Moore,2021-09-30,16750.85
Moore,2021-10-01,7774.44
Moore,2021-10-02,7470
Moore,2021-10-03,5424
Moore,2021-10-04,9865
Moore,2021-10-05,37672.83
Moore,2021-10-06,23186
Moore,2021-10-07,23135
Moore,2021-10-08,22737
Moore,2021-10-09,5611
Moore,2021-10-10,8116.5
Moore,2021-10-11,13141.33
Moore,2021-10-12,35917.81
Moore,2021-10-13,17607.69
Moore,2021-10-14,13393.51
Moore,2021-10-15,31571.01
Moore,2021-10-16,2791.34
Moore,2021-10-17,8079.36
Moore,2021-10-18,9023.88
Moore,2021-10-19,36455.26
Moore,2021-10-20,14942.95
Moore,2021-10-21,6632.04
Moore,2021-10-22,20871.65
Moore,2021-10-23,4687
Moore,2021-10-24,22039.2
Moore,2021-10-25,16284.75
Moore,2021-10-26,13660.59
Moore,2021-10-27,7068.01
Moore,2021-10-28,11502
Moore,2021-10-29,11529.86
Moore,2021-10-30,10639.7
Moore,2021-10-31,13594.95
Moore,2021-11-01,51115.87
Moore,2021-11-02,14457.52
Moore,2021-11-03,5107.95
Moore,2021-11-04,7409
Moore,2021-11-05,10821.72
Moore,2021-11-06,3259.95
Moore,2021-11-07,13161
Moore,2021-11-08,4877.51
Moore,2021-11-09,10634
Moore,2021-11-10,13391.26
Moore,2021-11-11,7718
Moore,2021-11-12,17373.95
Moore,2021-11-13,2802.95
Moore,2021-11-14,4079.87
Moore,2021-11-15,19828.7
Moore,2021-11-16,11830.55
Moore,2021-11-17,27943
Moore,2021-11-18,12591.93
Moore,2021-11-19,4962.95
Moore,2021-11-20,2454.34
Moore,2021-11-21,9747.55
Moore,2021-11-22,18459.9
Moore,2021-11-23,16762.33
Moore,2021-11-24,3314
Moore,2021-11-25,6453.33
Moore,2021-11-26,5010
Moore,2021-11-27,425
Moore,2021-11-28,2165
Moore,2021-11-29,21958
Moore,2021-11-30,22007.4
Moore,2021-12-01,22974.33
Moore,2021-12-02,23540
Moore,2021-12-03,6670
Moore,2021-12-04,5161.6
Moore,2021-12-05,7370
Moore,2021-12-06,18436.82
Moore,2021-12-07,32089.95
Moore,2021-12-08,9656.95
Moore,2021-12-09,22741
Moore,2021-12-10,7898.5
Moore,2021-12-11,4007
Moore,2021-12-12,6157.95
Moore,2021-12-13,11583
Moore,2021-12-14,15421.04
Moore,2021-12-15,21130
Moore,2021-12-16,8815
Moore,2021-12-17,14610
Moore,2021-12-18,2658
Moore,2021-12-19,6655.4400000000005
Moore,2021-12-20,13220
Moore,2021-12-21,4898.5
Moore,2021-12-22,19703
Moore,2021-12-23,202
Moore,2021-12-24,1152
Moore,2021-12-25,74
Moore,2021-12-26,132
Moore,2021-12-27,7373
Moore,2021-12-28,20129
Moore,2021-12-29,15708
Moore,2021-12-30,12160
Moore,2021-12-31,6280.89
Moore,2022-01-01,1770
Moore,2022-01-02,625
Moore,2022-01-03,5434
Moore,2022-01-04,9433
Moore,2022-01-05,25335.31
Moore,2022-01-06,38727
Moore,2022-01-07,24889.9
Moore,2022-01-08,14625.96
Moore,2022-01-09,16252.5
Moore,2022-01-10,83227.5
Moore,2022-01-11,108406
Moore,2022-01-12,123266.95
Perez,2021-06-17,39070
Perez,2021-06-18,2600
Perez,2021-06-19,7500
Perez,2021-06-20,30000
Perez,2021-06-21,35250
Perez,2021-06-22,29757
Perez,2021-06-23,55458.22
Perez,2021-06-24,35503
Perez,2021-06-25,25880
Perez,2021-06-28,33915
Perez,2021-06-29,7875
Perez,2021-06-30,30125
Perez,2021-07-01,3680
Perez,2021-07-02,2580
Perez,2021-07-06,11860
Perez,2021-07-07,4900
Perez,2021-07-08,11810
Perez,2021-07-09,10705
Perez,2021-07-10,3000
Perez,2021-07-12,33152
Perez,2021-07-13,7550
Perez,2021-07-14,3650
Perez,2021-07-15,17820
Perez,2021-07-16,15280
Perez,2021-07-19,20844
Perez,2021-07-20,19150
Perez,2021-07-21,6130
Perez,2021-07-22,14004
Perez,2021-07-23,11196
Perez,2021-07-24,1600
Perez,2021-07-26,19192
Perez,2021-07-27,12175
Perez,2021-07-28,5202
Perez,2021-07-29,7768
Perez,2021-07-30,905
Perez,2021-07-31,14717
Perez,2021-08-01,6830
Perez,2021-08-02,9273
Perez,2021-08-03,7550
Perez,2021-08-04,3845
Perez,2021-08-05,305
Perez,2021-08-06,12251.11
Perez,2021-08-07,8110
Perez,2021-08-08,1100
Perez,2021-08-09,850
Perez,2021-08-10,1370
Perez,2021-08-11,1525
Perez,2021-08-12,198
Perez,2021-08-13,4040
Perez,2021-08-14,3800
Perez,2021-08-15,6018
Perez,2021-08-16,6025
Perez,2021-08-17,1510
Perez,2021-08-18,1537
Perez,2021-08-19,7259
Perez,2021-08-20,640
Perez,2021-08-21,1735
Perez,2021-08-22,2141.5
Perez,2021-08-23,16072.06
Perez,2021-08-24,1385
Perez,2021-08-25,5020
Perez,2021-08-26,2850
Perez,2021-08-27,12421.5
Perez,2021-08-28,33605
Perez,2021-08-29,1060
Perez,2021-08-30,1170
Perez,2021-08-31,3220
Perez,2021-09-01,11005
Perez,2021-09-02,15211
Perez,2021-09-03,6907
Perez,2021-09-04,2850
Perez,2021-09-05,355
Perez,2021-09-06,5525
Perez,2021-09-07,3765
Perez,2021-09-08,5204.1900000000005
Perez,2021-09-09,8965
Perez,2021-09-10,14705
Perez,2021-09-11,4425
Perez,2021-09-12,12210
Perez,2021-09-13,5408
Perez,2021-09-14,1755
Perez,2021-09-15,4857
Perez,2021-09-16,3315
Perez,2021-09-17,10020
Perez,2021-09-18,8060
Perez,2021-09-19,17502
Perez,2021-09-20,9570
Perez,2021-09-21,16456
Perez,2021-09-22,10621.78
Perez,2021-09-23,5726
Perez,2021-09-24,8007
Perez,2021-09-25,3565
Perez,2021-09-26,3191
Perez,2021-09-27,22866
Perez,2021-09-28,18430
Perez,2021-09-29,6320
Perez,2021-09-30,22098
Perez,2021-10-01,8747
Perez,2021-10-02,3049.6
Perez,2021-10-03,3477.5
Perez,2021-10-04,5399.5
Perez,2021-10-05,9568.1
Perez,2021-10-06,3440
Perez,2021-10-07,38980
Perez,2021-10-08,4765.3
Perez,2021-10-09,2450
Perez,2021-10-10,501
Perez,2021-10-11,2274.1
Perez,2021-10-12,13425
Perez,2021-10-13,4464.54
Perez,2021-10-14,8019.45
Perez,2021-10-15,18058
Perez,2021-10-16,3525
Perez,2021-10-17,5108.32
Perez,2021-10-18,8162.49
Perez,2021-10-19,14177.7
Perez,2021-10-20,4903.51
Perez,2021-10-21,2750.87
Perez,2021-10-22,14254.8
Perez,2021-10-23,1344
Perez,2021-10-24,6802.52
Perez,2021-10-25,16045.04
Perez,2021-10-26,13994.59
Perez,2021-10-27,5565.71
Perez,2021-10-28,9656
Perez,2021-10-29,10928.27
Perez,2021-10-30,8554.32
Perez,2021-10-31,4199.76
Perez,2021-11-01,10432.5
Perez,2021-11-02,1884
Perez,2021-11-03,2620.5
Perez,2021-11-04,3291
Perez,2021-11-05,10000
Perez,2021-11-06,567
Perez,2021-11-07,2337.21
Perez,2021-11-08,13903.44
Perez,2021-11-09,7618.28
Perez,2021-11-10,6603.45
Perez,2021-11-11,15799.34
Perez,2021-11-12,1203.45
Perez,2021-11-13,3911.45
Perez,2021-11-14,7058.6
Perez,2021-11-15,9209.7
Perez,2021-11-16,20744.12
Perez,2021-11-17,4213.32
Perez,2021-11-18,8162.02
Perez,2021-11-19,21568.46
Perez,2021-11-20,3764.9900000000002
Perez,2021-11-21,1370.02
Perez,2021-11-22,3946.02
Perez,2021-11-23,5696.85
Perez,2021-11-24,209.62
Perez,2021-11-25,551.45
Perez,2021-11-26,273.21999999999997
Perez,2021-11-27,1327.5
Perez,2021-11-28,2392.7
Perez,2021-11-29,30963.28
Perez,2021-11-30,6534.99
Perez,2021-12-01,6079.02
Perez,2021-12-02,12901.210000000001
Perez,2021-12-03,5679
Perez,2021-12-04,56211.7
Perez,2021-12-05,2100
Perez,2021-12-06,30000.4
Perez,2021-12-07,20079.46
Perez,2021-12-08,9745.17
Perez,2021-12-09,9037.4
Perez,2021-12-10,24641.28
Perez,2021-12-11,4919.6
Perez,2021-12-12,9671.45
Perez,2021-12-13,19163.56
Perez,2021-12-14,18058.94
Perez,2021-12-15,22860.27
Perez,2021-12-16,5007.26
Perez,2021-12-17,58579.22
Perez,2021-12-18,9192.83
Perez,2021-12-19,2920.45
Perez,2021-12-20,41961.05
Perez,2021-12-21,17652.02
Perez,2021-12-22,424
Perez,2021-12-23,1123.29
Perez,2021-12-24,9103.36
Perez,2021-12-25,285
Perez,2021-12-26,3205
Perez,2021-12-27,10938.95
Perez,2021-12-28,26382
Perez,2021-12-29,6752.12
Perez,2021-12-30,22449
Perez,2021-12-31,11424
Perez,2022-01-01,242
Perez,2022-01-02,2
Perez,2022-01-03,7011
Perez,2022-01-04,45132.19
Perez,2022-01-05,35888.27
Perez,2022-01-06,31321
Perez,2022-01-07,30573.81
Perez,2022-01-08,40211.7
Perez,2022-01-09,8744.35
Perez,2022-01-10,85919.06
Perez,2022-01-11,52713
Perez,2022-01-12,152201.4
Schulz,2021-04-14,150
Schulz,2021-04-15,12700
Schulz,2021-04-16,1150
Schulz,2021-04-17,175
Schulz,2021-04-18,1000
Schulz,2021-04-19,300
Schulz,2021-04-21,275
Schulz,2021-04-22,6000
Schulz,2021-04-23,16050
Schulz,2021-04-26,500
Schulz,2021-04-27,7500
Schulz,2021-04-28,8335
Schulz,2021-04-29,9875
Schulz,2021-04-30,7195.22
Schulz,2021-05-01,250
Schulz,2021-05-04,10550
Schulz,2021-05-05,1426
Schulz,2021-05-06,12000
Schulz,2021-05-07,27750
Schulz,2021-05-09,1100
Schulz,2021-05-10,26551
Schulz,2021-05-11,100
Schulz,2021-05-12,7600
Schulz,2021-05-14,5000
Schulz,2021-05-15,1250
Schulz,2021-05-17,2550
Schulz,2021-05-18,3100
Schulz,2021-05-19,3200
Schulz,2021-05-20,3100
Schulz,2021-05-21,1500
Schulz,2021-05-22,3000
Schulz,2021-05-23,3195
Schulz,2021-05-24,41605
Schulz,2021-05-25,6450
Schulz,2021-05-26,10425
Schulz,2021-05-27,500
Schulz,2021-05-28,200
Schulz,2021-05-29,2750
Schulz,2021-05-31,1500
Schulz,2021-06-01,6000
Schulz,2021-06-02,1000
Schulz,2021-06-03,15575
Schulz,2021-06-04,21025
Schulz,2021-06-05,826
Schulz,2021-06-07,63251.28
Schulz,2021-06-08,17400
Schulz,2021-06-09,11300
Schulz,2021-06-10,4250
Schulz,2021-06-11,19710
Schulz,2021-06-12,500
Schulz,2021-06-13,425
Schulz,2021-06-14,550
Schulz,2021-06-15,700
Schulz,2021-06-16,3625
Schulz,2021-06-18,2000
Schulz,2021-06-19,125
Schulz,2021-06-20,300
Schulz,2021-06-21,5570
Schulz,2021-06-22,685
Schulz,2021-06-23,1535
Schulz,2021-06-24,53915
Schulz,2021-06-25,20455
Schulz,2021-06-26,5000
Schulz,2021-06-27,5000
Schulz,2021-06-28,2160
Schulz,2021-06-29,2250
Schulz,2021-06-30,2035
Schulz,2021-07-01,8850
Schulz,2021-07-02,295
Schulz,2021-07-05,461
Schulz,2021-07-06,3660
Schulz,2021-07-07,95
Schulz,2021-07-08,3700
Schulz,2021-07-09,835
Schulz,2021-07-10,60
Schulz,2021-07-12,445
Schulz,2021-07-13,13620
Schulz,2021-07-14,1230
Schulz,2021-07-15,925
Schulz,2021-07-16,17880
Schulz,2021-07-17,345
Schulz,2021-07-18,995
Schulz,2021-07-19,5751
Schulz,2021-07-20,3000
Schulz,2021-07-21,250
Schulz,2021-07-22,4550
Schulz,2021-07-23,4000
Schulz,2021-07-26,10990
Schulz,2021-07-28,3398.67
Schulz,2021-07-29,7600
Schulz,2021-07-30,11050
Schulz,2021-07-31,1350
Schulz,2021-08-01,375
Schulz,2021-08-04,500
Schulz,2021-08-05,76
Schulz,2021-08-06,1000
Schulz,2021-08-07,5
Schulz,2021-08-08,250
Schulz,2021-08-09,1150
Schulz,2021-08-10,1670
Schulz,2021-08-11,800
Schulz,2021-08-12,50
Schulz,2021-08-15,1000
Schulz,2021-08-16,8350
Schulz,2021-08-17,2076
Schulz,2021-08-18,4535
Schulz,2021-08-19,2000
Schulz,2021-08-20,20379.66
Schulz,2021-08-22,100
Schulz,2021-08-24,2750
Schulz,2021-08-25,5770
Schulz,2021-08-26,600
Schulz,2021-08-27,12520
Schulz,2021-08-28,50
Schulz,2021-08-29,1235
Schulz,2021-08-30,5850
Schulz,2021-08-31,3285
Schulz,2021-09-01,875
Schulz,2021-09-02,85
Schulz,2021-09-03,385
Schulz,2021-09-04,1500
Schulz,2021-09-05,1241
Schulz,2021-09-06,1320
Schulz,2021-09-07,3820
Schulz,2021-09-08,17390
Schulz,2021-09-09,8250
Schulz,2021-09-10,9887
Schulz,2021-09-11,25
Schulz,2021-09-12,870
Schulz,2021-09-13,4800
Schulz,2021-09-14,3530
Schulz,2021-09-15,2725
Schulz,2021-09-16,6160
Schulz,2021-09-17,41895
Schulz,2021-09-18,1135
Schulz,2021-09-19,585
Schulz,2021-09-20,3500
Schulz,2021-09-21,435
Schulz,2021-09-22,310
Schulz,2021-09-23,1500
Schulz,2021-09-24,2270
Schulz,2021-09-25,1070
Schulz,2021-09-26,1235
Schulz,2021-09-27,19060
Schulz,2021-09-28,4625
Schulz,2021-09-29,5075
Schulz,2021-09-30,42223
Schulz,2021-10-01,1270
Schulz,2021-10-02,100
Schulz,2021-10-03,475
Schulz,2021-10-04,525
Schulz,2021-10-05,5876
Schulz,2021-10-06,1685
Schulz,2021-10-07,1125
Schulz,2021-10-08,15360
Schulz,2021-10-09,1310
Schulz,2021-10-10,360
Schulz,2021-10-11,6160
Schulz,2021-10-12,3380
Schulz,2021-10-13,3210
Schulz,2021-10-14,2050
Schulz,2021-10-15,8280
Schulz,2021-10-17,500
Schulz,2021-10-19,3750
Schulz,2021-10-20,8775
Schulz,2021-10-21,750
Schulz,2021-10-22,9050
Schulz,2021-10-23,20
Schulz,2021-10-24,2340
Schulz,2021-10-25,4935
Schulz,2021-10-26,1075
Schulz,2021-10-27,5401
Schulz,2021-10-28,10725
Schulz,2021-10-29,2800
Schulz,2021-10-30,1552
Schulz,2021-10-31,9205
Schulz,2021-11-01,6125
Schulz,2021-11-02,9260
Schulz,2021-11-03,2475
Schulz,2021-11-04,17539
Schulz,2021-11-05,1676
Schulz,2021-11-06,6350
Schulz,2021-11-07,425
Schulz,2021-11-08,12630
Schulz,2021-11-09,3645
Schulz,2021-11-10,16184
Schulz,2021-11-11,2525
Schulz,2021-11-12,45695
Schulz,2021-11-13,1500
Schulz,2021-11-15,5525
Schulz,2021-11-16,15000
Schulz,2021-11-17,7600
Schulz,2021-11-18,31000
Schulz,2021-11-19,9055
Schulz,2021-11-20,40
Schulz,2021-11-21,500
Schulz,2021-11-22,6370
Schulz,2021-11-23,1780
Schulz,2021-11-24,250
Schulz,2021-11-26,200
Schulz,2021-11-28,1000
Schulz,2021-11-29,4070
Schulz,2021-11-30,4630
Schulz,2021-12-01,775
Schulz,2021-12-02,2500
Schulz,2021-12-03,3345
Schulz,2021-12-04,100
Schulz,2021-12-05,75
Schulz,2021-12-07,750
Schulz,2021-12-08,4500
Schulz,2021-12-09,5810
Schulz,2021-12-10,750
Schulz,2021-12-11,1260
Schulz,2021-12-12,2550
Schulz,2021-12-13,4000
Schulz,2021-12-16,20165
Schulz,2021-12-17,100
Schulz,2021-12-19,25
Schulz,2021-12-20,135
Schulz,2021-12-21,3575
Schulz,2021-12-22,2660
Schulz,2021-12-23,6100
Schulz,2021-12-24,50
Schulz,2021-12-27,170
Schulz,2021-12-28,1838
Schulz,2021-12-29,1551
Schulz,2021-12-30,5125
Schulz,2021-12-31,42815
Schulz,2022-01-01,2500
Schulz,2022-01-02,75
Schulz,2022-01-03,50
Schulz,2022-01-04,6500
Schulz,2022-01-05,6680
Schulz,2022-01-06,7150
Schulz,2022-01-07,15560
Schulz,2022-01-08,2075
Schulz,2022-01-09,6690
Schulz,2022-01-10,30560
Schulz,2022-01-11,45695
Schulz,2022-01-12,78130
